{"zipcode":{"0":78617,"1":78619,"2":78652,"3":78653,"4":78660,"5":78701,"6":78702,"7":78703,"8":78704,"9":78705,"10":78717,"11":78719,"12":78721,"13":78722,"14":78723,"15":78724,"16":78725,"17":78726,"18":78727,"19":78728,"20":78729,"21":78730,"22":78731,"23":78732,"24":78733,"25":78734,"26":78735,"27":78736,"28":78737,"29":78738,"30":78739,"31":78741,"32":78742,"33":78744,"34":78745,"35":78746,"36":78747,"37":78748,"38":78749,"39":78750,"40":78751,"41":78752,"42":78753,"43":78754,"44":78756,"45":78757,"46":78758,"47":78759},"avg_latestPrice":{"0":197035.84,"1":753149.17,"2":375339.75,"3":333695.0,"4":285534.06,"5":996475.0,"6":513293.73,"7":1192288.1899999999,"8":839770.92,"9":657697.78,"10":432340.78,"11":316580.0,"12":363793.73,"13":483887.14,"14":434535.37,"15":278410.11,"16":225183.77,"17":509582.7,"18":380575.54,"19":300907.55,"20":338257.97,"21":1020245.83,"22":893545.9399999999,"23":706824.6800000001,"24":1061417.8999999999,"25":1390916.6699999999,"26":977815.3100000001,"27":409210.58,"28":543377.29,"29":697000.0,"30":545078.6,"31":374497.21,"32":209975.0,"33":268640.15,"34":360551.22,"35":1422145.1200000001,"36":294423.03,"37":323004.39,"38":395312.23,"39":581114.45,"40":569097.15,"41":358422.43,"42":281872.73,"43":256518.2,"44":691860.3100000001,"45":520312.08,"46":337502.18,"47":517839.22},"avg_price_per_sqft":{"0":124.9,"1":206.09,"2":213.48,"3":140.44,"4":148.89,"5":449.68,"6":397.44,"7":444.63,"8":434.72,"9":381.09,"10":158.95,"11":110.24,"12":292.0,"13":354.47,"14":264.72,"15":172.24,"16":144.89,"17":174.05,"18":201.83,"19":170.57,"20":168.83,"21":267.93,"22":326.92,"23":188.89,"24":276.67,"25":733.69,"26":261.88,"27":199.97,"28":178.23,"29":276.04,"30":183.1,"31":243.04,"32":147.28,"33":165.01,"34":246.3,"35":398.39,"36":144.43,"37":176.98,"38":195.16,"39":213.32,"40":370.54,"41":261.12,"42":181.45,"43":133.64,"44":376.77,"45":328.27,"46":211.6,"47":234.43},"avg_house_age":{"0":12.0,"1":3.1,"2":1.5,"3":14.2,"4":4.8,"5":47.1,"6":47.4,"7":51.2,"8":37.1,"9":61.1,"10":15.6,"11":17.8,"12":40.6,"13":62.8,"14":45.3,"15":17.4,"16":13.2,"17":19.3,"18":31.7,"19":25.6,"20":30.8,"21":19.9,"22":41.3,"23":15.8,"24":22.9,"25":24.2,"26":22.3,"27":29.4,"28":12.6,"29":3.0,"30":17.6,"31":31.5,"32":47.0,"33":20.7,"34":40.0,"35":27.9,"36":14.6,"37":20.8,"38":26.9,"39":32.5,"40":60.7,"41":53.7,"42":39.5,"43":14.7,"44":55.2,"45":50.2,"46":42.9,"47":37.3},"avg_school_rating":{"0":3.16,"1":7.39,"2":4.5,"3":4.25,"4":3.28,"5":6.0,"6":4.83,"7":6.74,"8":4.94,"9":6.76,"10":7.9,"11":3.53,"12":3.3,"13":6.66,"14":4.0,"15":3.49,"16":3.02,"17":7.52,"18":5.79,"19":4.72,"20":5.69,"21":7.0,"22":6.95,"23":8.41,"24":8.46,"25":7.22,"26":5.75,"27":6.69,"28":7.0,"29":3.67,"30":8.47,"31":3.93,"32":3.33,"33":3.86,"34":4.02,"35":8.93,"36":5.06,"37":4.71,"38":6.71,"39":8.07,"40":6.89,"41":4.41,"42":3.92,"43":4.61,"44":6.59,"45":6.15,"46":4.08,"47":7.52},"avg_school_size":{"0":1616,"1":934,"2":1263,"3":1160,"4":1087,"5":1191,"6":679,"7":1271,"8":1004,"9":1165,"10":1559,"11":1548,"12":541,"13":1132,"14":833,"15":972,"16":1285,"17":1313,"18":1324,"19":1297,"20":1349,"21":1326,"22":1303,"23":1508,"24":1367,"25":1699,"26":1363,"27":1672,"28":981,"29":1287,"30":1691,"31":1081,"32":1455,"33":1320,"34":897,"35":1621,"36":1486,"37":1447,"38":1420,"39":1565,"40":1103,"41":888,"42":937,"43":1037,"44":1184,"45":1156,"46":1053,"47":1557}}